,word
sacred,3020
nature,2012
joy,197
created,121
meditations,119
always,114
sex,69
god,65
book,64
almost,61
life,52
never,47
reconnecting,44
initiative,42
respect,34
kickstarter,32
volume,24
believe,22
zone,21
us,19
understand,18
human,17
conservation,16
disregard,15
latest,15
people,14
honoring,14
connection,13
recognize,13
things,13
know,12
given,12
would,11
importance,11
also,11
new,11
one,11
water,10
comfort,10
due,10
sanctity,10
place,10
space,9
find,9
belief,9
land,9
see,9
marriage,9
divine,8
even,8
true,8
support,8
inefficient,8
essential,8
exclusions,8
away,7
next,7
eucharist,7
free,7
check,7
identity,7
hph,7
speak,7
honor,7
places,7
family,6
earth,6
individual,6
home,6
backed,6
dance,6
means,6
another,6
understanding,6
part,6
forgetfulness,6
way,6
potential,6
like,6
feb,6
soul,6
acknowledge,6
democracy,6
respecting,6
value,6
nothing,6
truth,6
destruction,6
humanity,6
world,6
light,6
holy,6
church,5
beautiful,5
thought,5
religion,5
everyone,5
work,5
sees,5
day,5
consider,5
maintains,5
campaign,5
connect,5
enjoy,5
ceremonies,5
care,5
aware,5
question,5
personal,5
much,5
relationships,5
waits,5
future,4
hold,4
take,4
right,4
mutual,4
defend,4
agreed,4
time,4
angie,4
temple,4
site,4
show,4
cared,4
historic,4
explain,4
preserve,4
imperative,4
constitution,4
protect,4
natural,4
facial,4
scripture,4
cow,4
knew,4
great,4
supporter,4
details,4
sure,4
looses,4
column,4
sn,4
sexuality,4
relationship,4
copy,4
talk,4
rights,4
elements,4
reminders,4
children,4
talks,4
violation,4
found,4
texts,4
ceremony,4
cleansing,4
trees,4
fucking,4
connects,4
discuss,4
fruit,4
believed,4
please,4
believes,4
inspiration,4
maintain,4
motivation,4
certain,4
sort,4
sensitive,4
today,4
comprehended,4
talking,4
age,4
prodotti,4
concern,4
wildlife,4
spoke,4
india,4
something,4
maintaining,4
devours,4
use,4
ones,4
deny,4
onto,3
creativity,3
uphold,3
announcing,3
well,3
wonder,3
traditions,3
vol,3
writing,3
beliefs,3
open,3
without,3
bliss,3
paul,3
mean,3
regard,3
post,3
came,3
science,3
books,3
thank,3
honouring,3
remind,3
truly,3
march,3
learn,3
focus,3
lot,3
hindu,3
called,3
spirit,3
document,3
master,3
public,3
get,3
feel,3
series,3
pilgrimage,3
preaching,3
think,3
said,3
learned,3
money,3
planet,3
founded,3
live,3
tree,3
body,3
trust,3
collection,3
youth,3
mission,3
road,3
oak,3
thing,3
help,3
perceived,3
intention,3
back,3
strikes,3
ritual,3
receive,3
still,3
statement,3
theme,3
oracle,3
dare,3
limited,3
region,3
heart,3
reminding,3
parade,3
chin,3
include,3
featuring,3
avoid,3
conversation,3
appreciate,3
nation,3
awareness,3
carefully,3
special,3
bodies,3
ecology,3
recognizes,3
sept,3
art,3
conserve,3
nairobi,3
far,3
name,3
register,3
may,3
waterfalls,3
probably,3
page,3
shows,3
monogamous,3
bring,3
first,3
raping,2
numbers,2
exfoliant,2
scones,2
anyway,2
yurima,2
american,2
already,2
immediately,2
shift,2
avec,2
episode,2
emphasized,2
vision,2
gland,2
images,2
womb,2
feminine,2
chapter,2
recognized,2
promises,2
drawn,2
enough,2
ministers,2
kah,2
social,2
rather,2
making,2
executives,2
bringing,2
stink,2
utter,2
disrespect,2
mary,2
mysteriously,2
system,2
smugness,2
mistakes,2
amount,2
defies,2
trip,2
praise,2
along,2
multidimensional,2
fully,2
heroes,2
yews,2
sin,2
brand,2
editions,2
neglects,2
join,2
big,2
believer,2
defiles,2
essence,2
africa,2
underestimate,2
needs,2
vile,2
crap,2
edition,2
mirror,2
depends,2
testament,2
reflecting,2
love,2
monkeys,2
cold,2
group,2
sleep,2
june,2
planeta,2
enlightenment,2
cheapen,2
regarding,2
defenders,2
disgracing,2
magnitude,2
insulting,2
path,2
obsessed,2
wait,2
inherent,2
attention,2
chest,2
rhetoric,2
energy,2
communal,2
start,2
underpinning,2
responsibility,2
form,2
make,2
opposed,2
congo,2
door,2
ground,2
ruining,2
unaware,2
appropriately,2
killing,2
court,2
validity,2
preserving,2
hill,2
done,2
pilgrimages,2
tarnish,2
salvador,2
forget,2
values,2
example,2
eloquent,2
informed,2
spouse,2
vegan,2
clear,2
brought,2
point,2
towards,2
presence,2
indicating,2
mad,2
partnership,2
sullied,2
valuing,2
comes,2
wild,2
expression,2
enmark,2
proofs,2
argument,2
earlier,2
destroying,2
soaking,2
inherently,2
citizens,2
blame,2
amidst,2
mornings,2
teaching,2
event,2
tabigat,2
add,2
beauty,2
workshop,2
fathers,2
creation,2
cultural,2
bread,2
breath,2
meditate,2
blades,2
demon,2
disrespects,2
fundamentally,2
indissoluble,2
fight,2
cream,2
inmost,2
odinga,2
complaint,2
adding,2
discussing,2
ondinga,2
entirely,2
respectful,2
culture,2
want,2
harmed,2
core,2
terms,2
flag,2
challenges,2
article,2
trembles,2
matter,2
written,2
mcmurder,2
reduce,2
contrary,2
improve,2
completely,2
honour,2
mr,2
emphasizing,2
area,2
sets,2
validates,2
anomaly,2
legal,2
existence,2
alive,2
encounter,2
undermining,2
recreate,2
gods,2
denies,2
acknowledged,2
incoherence,2
guard,2
sense,2
overall,2
absolutely,2
initiation,2
symbols,2
yet,2
limits,2
high,2
power,2
compared,2
dolukanda,2
environment,2
ancient,2
relax,2
seasons,2
lips,2
roden,2
carries,2
agrees,2
tainted,2
protector,2
person,2
accept,2
birth,2
problem,2
previously,2
song,2
encourage,2
touch,2
war,2
writers,2
significant,2
prayer,2
year,2
jesus,2
pls,2
office,2
scriptures,2
biorregenerativa,2
expresses,2
cedar,2
wonderful,2
united,2
whole,2
dearly,2
mocking,2
realize,2
garden,2
endorsed,2
alter,2
virtue,2
w,2
property,2
defile,2
daily,2
video,2
rules,2
apparently,2
butterfly,2
weather,2
datura,2
practice,2
upon,2
remembering,2
poisoning,2
poetic,2
sacrifice,2
olive,2
delicacy,2
islamic,2
adultery,2
oath,2
lack,2
rites,2
reducing,2
act,2
bc,2
beach,2
scrabble,2
threatening,2
launch,2
instilled,2
taking,2
violate,2
flagships,2
bedroom,2
consequences,2
mistakenly,2
الثانية,2
secondary,2
however,2
actually,2
oil,2
unique,2
indigenous,2
everything,2
rapture,2
snobbish,2
tomorrow,2
groups,2
became,2
mark,2
view,2
rock,2
respected,2
trying,2
uluru,2
maybe,2
quit,2
shore,2
commodity,2
inspired,2
bohemian,2
remark,2
eroded,2
transhumanism,2
solidarity,2
literal,2
sni,2
adherence,2
around,2
raw,2
works,2
ranting,2
congress,2
movement,2
menstruation,2
lies,2
communicating,2
privacy,2
symbolise,2
voters,2
hear,2
original,2
restore,2
prove,2
evoke,2
really,2
relevance,2
unfortunate,2
llewellyn,2
proves,2
sunday,2
saying,2
linea,2
connected,2
organizers,2
important,2
ca,2
especially,2
meet,2
encompasses,2
shadows,2
virtues,2
examining,2
reawaken,2
hearts,2
committed,2
believers,2
regards,2
swear,2
experience,2
paid,2
largely,2
arsonists,2
noble,2
relate,2
𝐟𝐫𝐞𝐞,2
forfeit,2
pillars,2
keep,2
inc,2
night,2
based,2
organic,2
aug,2
globally,2
must,2
solely,2
bit,2
sight,2
losing,2
secret,2
charleroi,2
food,2
u,2
years,2
unspeakably,2
hero,2
threatened,2
streaming,2
purpose,2
benefit,2
loses,2
discover,2
opportunity,2
sins,2
recognizing,2
degrade,2
emphasising,2
native,2
blessed,2
ass,2
elections,2
forest,2
significance,2
fine,2
introducing,2
visually,2
principle,2
reiterate,2
wrong,2
issues,2
distasteful,2
play,2
surely,2
duels,1
lost,1
protective,1
continue,1
beginning,1
wayne,1
consumption,1
ten,1
ballot,1
invoking,1
sticklers,1
sickening,1
worse,1
stopped,1
supreme,1
broke,1
navajo,1
الحلقة,1
school,1
eyes,1
greenwashing,1
foetus,1
profaned,1
someone,1
labour,1
depict,1
reveal,1
photographs,1
range,1
neither,1
sentiments,1
bond,1
burning,1
seventeen,1
ministry,1
reconnects,1
final,1
granted,1
electoral,1
disgusting,1
protects,1
offices,1
kieli,1
equating,1
freedom,1
anything,1
glad,1
except,1
slow,1
birthing,1
reputation,1
firm,1
backups,1
es,1
whatever,1
collectibles,1
degrades,1
tweet,1
civilian,1
curb,1
calling,1
gretzky,1
congressional,1
thanks,1
pride,1
full,1
intense,1
stop,1
information,1
consciousness,1
shovel,1
old,1
upholding,1
pipelines,1
prairies,1
worth,1
creature,1
sanctuary,1
redecorating,1
trumped,1
guess,1
processes,1
minutes,1
rest,1
reassure,1
memorial,1
democratic,1
house,1
waxing,1
unfolding,1
meritorious,1
pagan,1
discovery,1
saints,1
hokkaido,1
past,1
later,1
outdoors,1
línea,1
feelings,1
friday,1
jonathan,1
easter,1
week,1
supporting,1
task,1
flaunting,1
indian,1
sages,1
every,1
external,1
common,1
citing,1
popular,1
hours,1
alternatively,1
internal,1
perform,1
druids,1
proceeds,1
collaborating,1
traditional,1
tea,1
response,1
photograph,1
joining,1
sky,1
stridencies,1
intimacy,1
paradigm,1
fatherhood,1
flows,1
let,1
fabulous,1
amanah,1
lands,1
happy,1
showed,1
spa,1
project,1
pass,1
showing,1
though,1
traits,1
beyond,1
reminds,1
terrorism,1
believing,1
greater,1
astonishment,1
legendary,1
marae,1
exists,1
image,1
possible,1
worked,1
duties,1
majesty,1
illustrate,1
reps,1
society,1
minds,1
sorcières,1
wishes,1
en,1
dunking,1
friend,1
move,1
flagship,1
walk,1
twitter,1
alex,1
defensive,1
remember,1
dream,1
sites,1
educate,1
pain,1
starts,1
cover,1
price,1
disconnected,1
spells,1
etc,1
advice,1
awesome,1
presidential,1
starting,1
despair,1
opens,1
heartbeat,1
sign,1
whether,1
revelation,1
precious,1
id,1
collar,1
takes,1
reserve,1
rings,1
hof,1
blows,1
understood,1
structure,1
hibernia,1
winning,1
reconnecing,1
welcoming,1
jeffrey,1
holiday,1
mother,1
else,1
deepest,1
dying,1
truest,1
history,1
occurred,1
blog,1
sunny,1
mountains,1
need,1
accidentally,1
muse,1
deprive,1
housework,1
tesla,1
ankle,1
speaks,1
opening,1
hearkens,1
entrance,1
started,1
scott,1
telling,1
weaponry,1
neck,1
fan,1
seeking,1
symbol,1
penalty,1
issue,1
lids,1
keen,1
envelope,1
crime,1
bird,1
lemonade,1
somewhat,1
ancestors,1
meditation,1
conflict,1
embracing,1
competition,1
instructions,1
drop,1
experiences,1
green,1
sunset,1
housing,1
lake,1
uprooted,1
says,1
super,1
propaganda,1
condo,1
deep,1
australian,1
idea,1
mlb,1
nobody,1
building,1
cis,1
religious,1
wife,1
tents,1
coolness,1
collecting,1
rib,1
cultivate,1
align,1
touchiness,1
recognising,1
line,1
trusting,1
knowledge,1
set,1
comedy,1
game,1
colonization,1
tobacco,1
dew,1
repeated,1
illness,1
design,1
masses,1
pagans,1
muslim,1
ecospiritual,1
easy,1
cornish,1
serve,1
reading,1
thereby,1
classical,1
boost,1
park,1
many,1
america,1
avowed,1
acknowledging,1
allowed,1
reprehensible,1
delving,1
hunting,1
ah,1
function,1
perceive,1
enduring,1
give,1
domestic,1
nuclear,1
featured,1
improper,1
explore,1
go,1
chalay,1
unfolds,1
pineal,1
spouting,1
saluting,1
moments,1
civic,1
doctor,1
interface,1
evenings,1
commune,1
somebody,1
august,1
proud,1
illuminated,1
exploration,1
charge,1
conferred,1
ai,1
amendment,1
mass,1
growth,1
awaken,1
proportions,1
cards,1
gender,1
grossly,1
detracted,1
confidentiality,1
jesuit,1
listen,1
protest,1
online,1
honestly,1
recesses,1
jedi,1
contempt,1
omissions,1
crysknife,1
drum,1
preserver,1
la,1
ad,1
historical,1
shaktil,1
cosmic,1
lecturing,1
detritus,1
perfecto,1
come,1
spavia,1
exercise,1
wondering,1
betterment,1
laughter,1
pen,1
eaten,1
sentience,1
spoon,1
considered,1
january,1
resources,1
externality,1
red,1
early,1
determine,1
parasol,1
choosing,1
might,1
ripped,1
charity,1
alchemy,1
dignity,1
penitence,1
primitive,1
mentioned,1
pigtails,1
knows,1
co,1
spark,1
covenants,1
smart,1
pits,1
tosha,1
divination,1
stories,1
gharapuri,1
receiving,1
dto,1
defiling,1
camping,1
brian,1
ethiopian,1
surprising,1
party,1
visions,1
ensure,1
reminded,1
voting,1
horses,1
shower,1
diversity,1
imbibed,1
listening,1
vermin,1
faith,1
egyptian,1
negus,1
sacrament,1
stupidity,1
accident,1
locker,1
progress,1
realm,1
agree,1
breeze,1
swan,1
seems,1
cheapens,1
inititiative,1
presidency,1
messages,1
wall,1
votes,1
precisely,1
glance,1
going,1
sometime,1
vocations,1
defending,1
christmas,1
limitations,1
ease,1
entire,1
entertainment,1
viewers,1
appropriative,1
customs,1
derogatory,1
wilmurth,1
last,1
fish,1
lovingly,1
worship,1
numerology,1
familial,1
country,1
lose,1
breed,1
mine,1
season,1
hobo,1
crawl,1
moviegoing,1
endowment,1
owing,1
top,1
communications,1
white,1
blm,1
riot,1
sexual,1
imagine,1
offering,1
magical,1
motherhood,1
extraordinary,1
dismissal,1
chuck,1
savior,1
private,1
deano,1
represents,1
deeply,1
fun,1
temperance,1
men,1
reveals,1
communities,1
behavior,1
inherits,1
founding,1
band,1
submerge,1
music,1
hallmark,1
little,1
pockets,1
om,1
ray,1
sit,1
southern,1
platter,1
pretended,1
diminished,1
face,1
locales,1
queen,1
citadel,1
mundane,1
torpors,1
gifts,1
genetic,1
nonetheless,1
portrait,1
fans,1
cosmology,1
using,1
ev,1
politicization,1
unalterable,1
imperium,1
eucharistic,1
began,1
astronomy,1
mauna,1
adds,1
holes,1
自然とともに生きるオーガニックコスメ,1
climate,1
landscape,1
kick,1
production,1
cause,1
grounding,1
harvey,1
misery,1
medallion,1
wax,1
capital,1
communion,1
occurring,1
qur,1
spot,1
perspective,1
haram,1
sweet,1
awe,1
mind,1
order,1
suddenly,1
psychedelic,1
diary,1
jerusalem,1
begin,1
troubling,1
shouldve,1
uses,1
scene,1
hair,1
cancer,1
thrive,1
unconscious,1
creeks,1
akin,1
stronger,1
cartoon,1
commented,1
greed,1
veda,1
vrikshayurved,1
city,1
performances,1
nigerian,1
seated,1
crowdsourcing,1
wave,1
could,1
pandemic,1
physical,1
hospitality,1
hydra,1
galling,1
ascribed,1
scars,1
visible,1
learning,1
rebel,1
hum,1
ruined,1
removed,1
lord,1
strict,1
sheer,1
cows,1
wants,1
link,1
politicians,1
contract,1
extinctions,1
inner,1
eternal,1
small,1
souls,1
functions,1
kundasang,1
loathing,1
healing,1
guide,1
period,1
pod,1
particularly,1
objects,1
ensigns,1
italy,1
results,1
total,1
na,1
acquista,1
del,1
hand,1
chances,1
lusts,1
sings,1
theater,1
cinematic,1
anymore,1
failing,1
reality,1
bean,1
election,1
jack,1
scopri,1
al,1
collective,1
summer,1
humans,1
number,1
vain,1
yekuwacha,1
bride,1
cardinal,1
nuestro,1
de,1
oh,1
anc,1
wyald,1
garment,1
skin,1
highest,1
lurk,1
avoids,1
formerly,1
trumpet,1
dont,1
played,1
nazi,1
ladakh,1
rationalize,1
gon,1
fly,1
ecosystems,1
requires,1
republicans,1
put,1
railing,1
crisis,1
underworld,1
womens,1
millions,1
sparks,1
coming,1
dreamed,1
remove,1
rationalise,1
thoroughly,1
porn,1
stuff,1
town,1
madness,1
unbelief,1
fantastic,1
names,1
ppl,1
moxie,1
hide,1
centre,1
kingship,1
keeping,1
dham,1
reverently,1
olympics,1
steeped,1
child,1
bat,1
necessarily,1
enter,1
buying,1
