,word
sacred,3753
nature,2470
joy,268
created,168
always,161
karen,108
almost,84
life,55
never,55
armstrong,52
god,50
meditations,48
book,48
understand,46
zone,44
sex,42
restoring,38
us,30
respect,28
family,27
sensitive,24
marriage,23
comfort,22
one,21
true,19
part,18
new,18
exclusions,18
copy,18
honoring,17
earth,17
place,15
facial,14
believe,13
human,13
understanding,13
sun,13
embrace,13
due,12
rulings,12
water,12
self,12
welcome,12
recognize,12
children,11
preserve,11
thought,11
also,11
value,11
constitution,11
see,11
significant,10
prodotti,10
writers,10
divine,10
space,10
planet,10
connection,10
world,10
remember,10
body,10
future,10
man,10
light,10
protect,10
people,10
ritual,9
mutual,9
free,9
protecting,9
things,9
get,9
time,9
vote,9
rigenerante,8
even,8
sense,8
appreciate,8
love,8
know,8
away,8
conversation,8
destroy,8
nothing,8
think,8
describe,8
would,8
explores,8
trust,7
families,7
care,7
act,7
sexuality,7
eyes,7
truth,7
like,7
holy,7
connect,7
llewellyn,7
recognizing,7
recover,7
oracle,7
author,7
truths,7
celebrating,7
something,7
important,7
leave,6
women,6
around,6
cohort,6
show,6
importance,6
acknowledging,6
everything,6
need,6
covenants,6
truly,6
appears,6
given,6
precious,6
means,6
relationship,6
rare,6
woman,6
beauty,6
religion,6
destroying,6
lecture,6
cultivating,6
drummers,6
support,6
charge,5
way,5
discover,5
sound,5
tales,5
democracy,5
keep,5
take,5
ignores,5
tranquility,5
review,5
much,5
objectivity,5
day,5
kit,5
power,5
humans,5
want,5
massage,5
animals,5
humanity,5
denies,5
spoke,5
beautiful,5
legitimacy,5
temple,5
latest,5
intimacy,5
maintain,5
less,5
soli,5
mistakes,5
del,5
sanctity,5
must,5
reminds,5
though,5
gift,5
perspective,5
deny,5
still,5
say,5
without,5
acknowledge,5
find,4
underestimate,4
belief,4
hawaii,4
reverence,4
defend,4
rule,4
fall,4
focus,4
put,4
duty,4
medicine,4
feel,4
respecting,4
desecrating,4
discuss,4
regenerates,4
pedi,4
agree,4
historical,4
honor,4
help,4
cultivate,4
tix,4
purpose,4
regarding,4
concerned,4
said,4
innate,4
youth,4
service,4
learn,4
provides,4
rapaciousness,4
used,4
volume,4
mother,4
street,4
lose,4
bible,4
land,4
un,4
reflect,4
stars,4
event,4
christianity,4
work,4
sanctuary,4
acts,4
story,4
mistakenly,4
argument,4
forgetfulness,4
site,4
beliefs,4
mockery,4
certain,4
lies,4
real,4
religious,4
ubud,4
listening,4
sacrifice,4
fragile,4
practice,4
via,4
guided,4
forget,4
lift,4
become,4
ignoring,4
numbers,3
understood,3
reconnect,3
information,3
keeping,3
fits,3
virtues,3
example,3
books,3
pure,3
deep,3
better,3
saving,3
melts,3
calling,3
objects,3
inherent,3
far,3
country,3
harmony,3
fetuses,3
alone,3
islam,3
experience,3
anything,3
adds,3
reflects,3
relationships,3
hands,3
try,3
shows,3
amendment,3
persons,3
every,3
environments,3
philosophy,3
reading,3
thus,3
teach,3
procreation,3
drama,3
americans,3
mind,3
journey,3
nutrient,3
seriously,3
win,3
breaking,3
lives,3
wild,3
preserving,3
words,3
spot,3
parents,3
spirits,3
capture,3
sacrament,3
absolutely,3
kelly,3
soul,3
notion,3
acquistare,3
lack,3
universe,3
laser,3
return,3
abundance,3
dharma,3
feathers,3
自然とともに生きるオーガニックコスメ,3
threat,3
bent,3
reference,3
word,3
shit,3
talking,3
heal,3
healing,3
mute,3
hold,3
comes,3
cause,3
trees,3
essential,3
today,3
selves,3
peaceful,3
dna,3
system,3
mass,3
initiative,3
might,3
geometry,3
person,3
holiday,3
reclaim,3
tree,3
presence,3
ones,3
unique,3
birth,3
institution,3
creation,3
question,3
confession,3
abomination,3
transgressed,3
art,3
register,3
microderm,3
longer,3
april,3
speak,3
jews,3
completely,3
standing,3
conferred,3
ancient,3
describes,3
response,3
whenever,3
shade,3
thrall,2
honouring,2
ignore,2
transportive,2
immerse,2
old,2
knowledge,2
tenet,2
deserve,2
core,2
cleansing,2
mention,2
special,2
undermine,2
depersonalize,2
change,2
exfoliant,2
stripped,2
speaking,2
judiciary,2
ie,2
ruin,2
someday,2
reconnection,2
sure,2
crown,2
berry,2
belfrage,2
disgusting,2
wonderful,2
tell,2
knew,2
existence,2
guardian,2
check,2
writing,2
leg,2
bitter,2
principle,2
ultrashape,2
manifest,2
texts,2
speech,2
describing,2
weightiness,2
allowing,2
last,2
teaching,2
naturalism,2
adopted,2
sensitization,2
anymore,2
dali,2
souls,2
biggest,2
almanac,2
dissertation,2
unapologetic,2
assisting,2
represents,2
potus,2
office,2
ca,2
evening,2
replace,2
cobbled,2
regenesis,2
warranted,2
thunderstone,2
unit,2
recognising,2
careful,2
entire,2
atman,2
couples,2
opportunity,2
sin,2
exams,2
trumpeting,2
deeply,2
parade,2
weaving,2
walking,2
debate,2
teachers,2
violence,2
uphold,2
heavy,2
nipple,2
sunday,2
tomb,2
cares,2
marvelous,2
unaware,2
goodness,2
prophetic,2
function,2
gut,2
balanophoraceae,2
tenets,2
protector,2
yes,2
disruptive,2
aside,2
confer,2
lie,2
note,2
publica,2
entering,2
bring,2
yesterday,2
state,2
eight,2
ultimately,2
action,2
defending,2
desrtroying,2
domain,2
morality,2
r,2
address,2
publish,2
add,2
exalt,2
systems,2
alchemy,2
involving,2
alluding,2
language,2
purity,2
evoked,2
dilute,2
rigenerativa,2
spend,2
poem,2
courage,2
revere,2
òrìṣà,2
signifies,2
salvador,2
careless,2
thumping,2
governments,2
mcmurder,2
glendinning,2
circumstances,2
career,2
recognized,2
clues,2
versus,2
hate,2
ideology,2
diminishing,2
enjoy,2
crisis,2
reasons,2
values,2
tomorrow,2
heart,2
siblings,2
poisonimg,2
incorporate,2
soon,2
sees,2
forests,2
unity,2
examples,2
spoil,2
complicated,2
blacksmiths,2
disputing,2
cloth,2
intrinsic,2
forever,2
interconnecting,2
doubt,2
oaths,2
profaned,2
n,2
representative,2
citizens,2
idea,2
david,2
learned,2
exploration,2
binding,2
examining,2
indicating,2
monuments,2
aware,2
waits,2
integrity,2
exaggeratedly,2
edo,2
forest,2
reserve,2
wasted,2
jingoism,2
scared,2
focuses,2
divinity,2
gop,2
preaches,2
opens,2
fire,2
syndrome,2
baré,2
getting,2
exposing,2
instead,2
certainly,2
consider,2
mankind,2
immutability,2
conceptualized,2
made,2
essay,2
reveals,2
july,2
faith,2
hydra,2
chain,2
inherently,2
may,2
realise,2
point,2
industry,2
vibrant,2
areas,2
beholding,2
live,2
matter,2
simpleton,2
turns,2
disagree,2
nod,2
opening,2
playful,2
limpiador,2
devil,2
unmindful,2
neither,2
towards,2
center,2
talks,2
peyote,2
holding,2
violation,2
calloused,2
wholeheartedly,2
court,2
nonsense,2
touch,2
evolution,2
line,2
teachings,2
drumbeat,2
freakin,2
espousing,2
oh,2
actual,2
bern,2
paul,2
dreaming,2
allegedly,2
u,2
editorials,2
reject,2
communicated,2
level,2
transform,2
derived,2
sign,2
testimony,2
uses,2
holidays,2
separate,2
embracing,2
premise,2
trusted,2
butt,2
maintenance,2
collection,2
vartak,2
catholic,2
respected,2
regain,2
apply,2
lash,2
regenerative,2
rocks,2
materiality,2
ascribes,2
awareness,2
powerful,2
belittling,2
places,2
money,2
history,2
romans,2
replacement,2
highest,2
inmost,2
thanks,2
reminder,2
personal,2
affirm,2
sullying,2
concerns,2
church,2
fit,2
openly,2
passing,2
highlands,2
green,2
biological,2
remove,2
vast,2
suitable,2
preached,2
isnt,2
name,2
marginalizes,2
mount,2
specifically,2
jesus,2
enough,2
ledwith,2
status,2
questioned,2
disgrace,2
mountains,2
fear,2
torpors,2
reminded,2
shared,2
blatantly,2
knows,2
link,2
many,2
moment,2
islamic,2
revolution,2
emotional,2
morgan,2
views,2
energized,2
present,2
influence,2
determines,2
bodies,2
ah,2
awaken,2
choose,2
relation,2
interesting,2
grief,2
jones,2
explore,2
seen,2
definitely,2
researched,2
appreciates,2
titles,2
geddes,2
sexual,2
eucatastrophe,2
introversion,2
leadership,2
currently,2
read,2
negates,2
dance,2
friends,2
recently,2
potential,2
give,2
priests,2
protects,2
within,2
death,2
really,2
offerings,2
descriptor,2
reality,2
da,2
diversity,2
food,2
equality,2
cards,2
symbolises,2
google,2
sentience,2
paine,2
kings,2
familiar,2
discussing,2
ig,2
surrounded,2
defense,2
accept,2
released,2
inevitable,2
follow,2
naturally,2
particular,2
going,2
laughs,2
thing,2
emphasise,2
highly,2
meaning,2
wrong,2
emphasize,2
comfortzone,2
novel,2
profound,2
dignity,2
shortly,2
spirituality,2
affecting,2
culture,2
proofs,2
creating,2
wisdom,2
messages,2
acquista,2
il,2
kandinsky,2
degrades,2
displays,2
punish,2
sovereignty,2
image,2
serious,2
footing,2
historian,2
addressing,2
followers,2
illegal,2
commands,2
acn,2
mouths,2
belong,2
waned,2
perception,2
wsj,2
convo,2
higher,2
remembering,2
erosion,2
affront,2
thich,2
set,2
trashed,2
series,2
folklore,2
monarchy,2
yorker,2
remarks,2
flight,2
theory,2
close,2
begin,2
outside,2
dusk,2
native,1
climbing,1
corner,1
twitter,1
calls,1
questioning,1
friendships,1
compassion,1
false,1
judaism,1
agricoltura,1
opry,1
plants,1
current,1
ladakh,1
nuclear,1
exists,1
blame,1
universal,1
sought,1
struggle,1
jimmy,1
claims,1
ever,1
afford,1
tradition,1
maelstroms,1
ethnozoology,1
rsvp,1
slid,1
otherwise,1
deity,1
jamaicense,1
ground,1
freeman,1
focusing,1
visuals,1
couple,1
program,1
fierce,1
speaks,1
encouragement,1
reminding,1
handmaid,1
pleasant,1
let,1
strategic,1
trans,1
addition,1
granted,1
sallka,1
worship,1
price,1
enemies,1
therefore,1
product,1
peace,1
musing,1
biblical,1
imply,1
lullaby,1
halo,1
founder,1
based,1
phrase,1
city,1
states,1
letter,1
bear,1
institutions,1
talk,1
year,1
takes,1
hope,1
messing,1
results,1
recording,1
karan,1
well,1
sacrifices,1
regard,1
europe,1
captures,1
emphasizes,1
woke,1
charming,1
great,1
readiness,1
wassily,1
deadlines,1
nonstop,1
tobacco,1
loved,1
subject,1
believed,1
unwavering,1
triple,1
next,1
beyond,1
supported,1
political,1
boundary,1
likewise,1
courts,1
past,1
reproductive,1
wars,1
infinite,1
paganism,1
supreme,1
argentina,1
spittle,1
faiths,1
perfetti,1
democratic,1
neck,1
pledge,1
eucharist,1
finally,1
permanence,1
privacy,1
irrigation,1
celebrant,1
gratitude,1
go,1
deeper,1
mess,1
confusion,1
hjs,1
sky,1
bread,1
anew,1
photography,1
procedures,1
kingship,1
mantra,1
moral,1
lower,1
tip,1
cow,1
sermons,1
platonic,1
sanatan,1
perhaps,1
road,1
sara,1
six,1
june,1
boundaries,1
hugely,1
rekindle,1
nerds,1
public,1
meritocracy,1
wearing,1
simply,1
hollow,1
gifted,1
jill,1
misinterpretation,1
consist,1
wetland,1
confirmation,1
grace,1
cress,1
lips,1
look,1
cemeteries,1
agreement,1
chest,1
damages,1
practices,1
loathing,1
rings,1
problem,1
childbirth,1
teacher,1
long,1
music,1
play,1
protest,1
venerating,1
feeding,1
mostly,1
rituals,1
closed,1
heavenly,1
sombre,1
stewardship,1
excrement,1
psalmist,1
earthly,1
order,1
preservation,1
men,1
western,1
march,1
informed,1
midst,1
nurse,1
written,1
moxie,1
quite,1
creates,1
ensue,1
dear,1
dogma,1
romanticism,1
pedicure,1
belonging,1
erasing,1
make,1
railing,1
exclusivity,1
mara,1
italy,1
nearby,1
friendship,1
useless,1
scripture,1
premiers,1
narrative,1
scientist,1
bed,1
secret,1
hide,1
unknown,1
resides,1
guide,1
kinds,1
pierre,1
moons,1
carefully,1
advent,1
biblically,1
wrestling,1
biblia,1
laughimg,1
ease,1
appearances,1
endure,1
pubescences,1
inside,1
ago,1
nhat,1
forgetting,1
reach,1
discussed,1
latin,1
called,1
injustice,1
transubstantiation,1
article,1
clear,1
cortez,1
gendered,1
constitute,1
rites,1
lurk,1
drums,1
building,1
saying,1
complexity,1
afere,1
identifying,1
prepare,1
worthy,1
dawn,1
vigour,1
casting,1
week,1
ordinances,1
tells,1
filibuster,1
olympia,1
constantly,1
job,1
wants,1
distance,1
back,1
repatriation,1
communications,1
demands,1
string,1
come,1
zwiers,1
aruba,1
element,1
ecofascism,1
perfect,1
rather,1
illumination,1
motherhood,1
gnostics,1
war,1
erin,1
grossly,1
little,1
elders,1
answers,1
expects,1
lonely,1
garment,1
knowing,1
consult,1
dark,1
clean,1
ceremony,1
kill,1
yesteryear,1
seem,1
dalí,1
extent,1
saved,1
creature,1
destabilization,1
ancestral,1
days,1
reconnecting,1
sensitively,1
suggesting,1
customers,1
quiet,1
spent,1
themes,1
resource,1
remembers,1
creative,1
website,1
breeze,1
temples,1
tao,1
case,1
commission,1
hypermasculinity,1
problems,1
shameful,1
ireland,1
abortion,1
christian,1
assembly,1
bohemian,1
private,1
muslim,1
monotheisms,1
traits,1
olympians,1
essence,1
fists,1
absorb,1
marked,1
overt,1
ripped,1
message,1
likely,1
spark,1
canadian,1
held,1
went,1
strips,1
organic,1
gospel,1
epic,1
law,1
existing,1
denying,1
principles,1
outlet,1
assume,1
raw,1
exercise,1
commencement,1
oxford,1
godliness,1
mean,1
idealism,1
foam,1
beings,1
putting,1
graduate,1
cherie,1
carbon,1
cheeks,1
marvel,1
exploring,1
primordial,1
doesnt,1
charles,1
amazing,1
sale,1
brilliant,1
sites,1
grey,1
good,1
branch,1
profit,1
reclaiming,1
museum,1
indigenous,1
ministry,1
increasing,1
practicing,1
illustrations,1
sings,1
includes,1
ixta,1
hard,1
butterfly,1
treat,1
needitreadit,1
hills,1
park,1
another,1
expressed,1
abused,1
allah,1
thoughtful,1
spirit,1
zef,1
bubbles,1
thoroughly,1
right,1
invoke,1
wording,1
first,1
cuts,1
creator,1
childhood,1
thank,1
rainforest,1
available,1
colonies,1
traditional,1
tonight,1
utility,1
scalp,1
society,1
phroges,1
affair,1
spawned,1
affairs,1
swallows,1
laws,1
lots,1
sides,1
non,1
understands,1
cunningly,1
mythologies,1
loving,1
built,1
cosmos,1
plant,1
environment,1
needed,1
explain,1
century,1
rumbled,1
imbued,1
images,1
miss,1
wendell,1
pandal,1
prenota,1
smart,1
giggle,1
pretend,1
begs,1
haridwar,1
license,1
tried,1
wednesday,1
consistent,1
wo,1
climate,1
claim,1
naïve,1
settlers,1
independent,1
york,1
require,1
survival,1
christmas,1
cheltenham,1
errors,1
america,1
baptism,1
desecration,1
social,1
disrespecting,1
stand,1
enables,1
finest,1
immune,1
ai,1
formality,1
administered,1
result,1
attended,1
chants,1
blasphemy,1
fucked,1
transformation,1
deserted,1
petition,1
breath,1
considers,1
attempts,1
pm,1
ordinary,1
altar,1
mud,1
ironically,1
cultures,1
communities,1
asi,1
full,1
parasol,1
garments,1
genocide,1
evil,1
suggest,1
government,1
hence,1
topics,1
desecrated,1
telling,1
turn,1
armstong,1
kh,1
imagination,1
prep,1
italian,1
oceans,1
taught,1
silent,1
upholding,1
anchor,1
perverted,1
fresh,1
watch,1
ganges,1
contributing,1
obtain,1
filled,1
trying,1
flag,1
wembley,1
sand,1
assista,1
rome,1
inbox,1
hindus,1
found,1
faithy,1
alignment,1
tendency,1
expression,1
ressentant,1
comment,1
ii,1
fails,1
swastika,1
energy,1
gives,1
lab,1
healer,1
utah,1
glances,1
kristina,1
watering,1
deepening,1
stops,1
products,1
grandeur,1
idlozi,1
goal,1
tremblingly,1
fulfillment,1
weapon,1
left,1
table,1
gleam,1
terrific,1
cleanser,1
immense,1
bálsamo,1
btn,1
de,1
relax,1
published,1
successfully,1
visiting,1
familial,1
insignificant,1
term,1
spread,1
whoops,1
cows,1
mirrored,1
taken,1
parts,1
nwa,1
interested,1
father,1
drunk,1
precedents,1
civilization,1
task,1
sanctuaries,1
arizona,1
connected,1
minoan,1
changes,1
happening,1
somehow,1
bond,1
gadgil,1
fine,1
second,1
chip,1
wow,1
theology,1
visits,1
commercial,1
exploited,1
featured,1
serve,1
jealous,1
reverent,1
recent,1
martin,1
starting,1
sort,1
everyone,1
hello,1
undermines,1
scientific,1
lands,1
soil,1
obviously,1
spaces,1
theater,1
masse,1
growth,1
post,1
buffness,1
intent,1
notes,1
restoration,1
launches,1
pro,1
actually,1
destiny,1
salvation,1
meditation,1
spoiling,1
journalism,1
blooming,1
poūkahangatus,1
recreation,1
bridge,1
imo,1
femininity,1
confessional,1
call,1
dimension,1
materialism,1
imposter,1
john,1
process,1
magic,1
quarks,1
community,1
number,1
local,1
french,1
sunset,1
felt,1
cultural,1
la,1
parental,1
individual,1
worth,1
integral,1
velashape,1
knickers,1
disconnection,1
eighth,1
save,1
pietas,1
artificial,1
courting,1
born,1
angels,1
years,1
phony,1
according,1
lunch,1
sake,1
affection,1
navajo,1
symbol,1
screwed,1
gorgeous,1
carkass,1
cumorah,1
greatly,1
namesake,1
works,1
punishment,1
quran,1
guarding,1
moon,1
mission,1
funds,1
processes,1
vesta,1
agony,1
kind,1
democrats,1
miracle,1
f,1
rights,1
shall,1
kisses,1
happy,1
emre,1
listen,1
animal,1
election,1
electoral,1
vital,1
simple,1
supposedly,1
vegans,1
bouncy,1
united,1
class,1
fundamentally,1
sapiens,1
conscious,1
goes,1
cosmic,1
