,word
sacred,1031
nature,675
always,84
almost,41
joy,39
created,24
karen,21
life,19
distracts,18
zone,16
salvador,15
us,14
king,12
never,12
de,10
god,10
away,9
coronations,9
feuding,9
belief,8
understand,8
respect,8
comfort,8
believe,7
world,7
rulings,6
exclusions,6
tijdens,6
monarchy,6
save,6
sensitive,6
forgotten,5
vote,5
place,5
engelstalig,5
marriage,5
book,5
understood,5
take,5
body,5
called,5
precious,4
restoring,4
think,4
theory,4
like,4
trees,4
human,4
remedy,4
concept,4
honor,4
center,4
wilderness,4
buku,4
lose,4
mass,4
go,4
meditations,4
wild,4
inherent,4
make,4
sex,4
power,4
relationship,4
connection,4
holy,4
objectivity,4
youth,3
comes,3
living,3
significant,3
writers,3
mutual,3
armstrong,3
humanity,3
future,3
dalam,3
death,3
open,3
oracle,3
individual,3
unique,3
would,3
home,3
things,3
reverence,3
hold,3
relationships,3
elements,3
teachings,3
bodies,3
part,3
takes,3
building,3
new,3
written,3
creation,3
within,3
divine,2
unwaveringly,2
valuing,2
seem,2
united,2
meaning,2
sabbath,2
dignity,2
disrespectful,2
purpose,2
ethos,2
rediscover,2
sexes,2
reiki,2
timeless,2
obvious,2
directed,2
icons,2
hebrew,2
nutrient,2
settings,2
become,2
gods,2
sly,2
actual,2
owing,2
insightfully,2
devile,2
ruin,2
breach,2
popped,2
orchestra,2
enshrine,2
disregards,2
makka,2
teach,2
societies,2
innocently,2
mexican,2
spoke,2
unreachable,2
mcmurder,2
really,2
find,2
partly,2
time,2
obligation,2
linee,2
e,2
cheapens,2
lecture,2
remember,2
ever,2
everywhere,2
keeps,2
kit,2
valueing,2
worry,2
reflects,2
gift,2
delve,2
watch,2
silent,2
spirits,2
dalí,2
return,2
found,2
supposed,2
il,2
dali,2
regarding,2
one,2
principles,2
consult,2
realise,2
occupied,2
trust,2
terbit,2
mistakes,2
delegitimize,2
reflect,2
defiling,2
gatekeep,2
reading,2
massage,2
desecrating,2
navigate,2
moments,2
intended,2
shared,2
describe,2
appears,2
kans,2
soul,2
today,2
believing,2
well,2
water,2
devoid,2
bliss,2
cosmically,2
gender,2
ritual,2
symbolises,2
treasures,2
innate,2
essence,2
access,2
people,2
mockery,2
health,2
forming,2
person,2
spitting,2
undermines,2
told,2
gentle,2
lives,2
naar,2
sanctuary,2
undermining,2
happens,2
order,2
exciting,2
released,2
individuals,2
truly,2
honored,2
earth,2
try,2
interconnecting,2
notions,2
focusing,2
actually,2
presentation,2
excellent,2
cocoon,2
bij,2
reminded,2
cards,2
population,2
rants,2
wiki,2
sake,2
back,2
sabotaging,2
disrespect,2
floods,2
confirmed,2
lessen,2
trusted,2
bio,2
example,2
certain,2
parts,2
destroying,2
lightly,2
nugget,2
reflections,2
selama,2
demeans,2
recognize,2
archeology,2
magazine,2
pages,2
explore,2
destroy,2
mystical,2
menjual,2
behind,2
language,2
agree,2
women,2
commenced,2
justify,2
task,1
hierarchy,1
visit,1
help,1
higher,1
cultivate,1
mute,1
due,1
flow,1
hopi,1
awaken,1
biblical,1
dna,1
commerce,1
using,1
kind,1
indeed,1
video,1
faith,1
souls,1
craft,1
helps,1
golden,1
woody,1
exactly,1
enigmatic,1
complaints,1
struggle,1
hair,1
series,1
striving,1
anim,1
veto,1
karma,1
suburbs,1
born,1
kill,1
value,1
queerness,1
christians,1
oath,1
islamic,1
mahabodhi,1
reenergised,1
religion,1
food,1
enthusiasm,1
pm,1
passing,1
anything,1
kachina,1
degrading,1
conscience,1
leadership,1
felt,1
rt,1
mother,1
smarter,1
bookcase,1
judge,1
catholic,1
ii,1
knowledges,1
tell,1
rampart,1
losing,1
monotheism,1
selling,1
torah,1
made,1
ships,1
traditions,1
peoples,1
full,1
lost,1
writing,1
believes,1
know,1
ganga,1
speaks,1
children,1
entities,1
care,1
womanhood,1
since,1
rivers,1
recommendation,1
truth,1
early,1
man,1
money,1
safari,1
published,1
problem,1
trying,1
inspiring,1
rn,1
preserves,1
colombian,1
script,1
second,1
close,1
thing,1
masai,1
bbhof,1
estonian,1
sites,1
good,1
say,1
pronounce,1
though,1
bask,1
national,1
without,1
capitol,1
sabaeans,1
doubt,1
dumbass,1
tried,1
someone,1
royalty,1
fighting,1
community,1
charge,1
councilor,1
holocaust,1
redirect,1
narcissism,1
conferred,1
area,1
please,1
hid,1
unieke,1
mine,1
support,1
importance,1
work,1
cold,1
eaten,1
explored,1
feminine,1
color,1
reaching,1
correct,1
membahas,1
tuntas,1
triangle,1
overall,1
unity,1
taste,1
cosmos,1
reclaim,1
altar,1
jamboree,1
test,1
rather,1
geometry,1
saya,1
fun,1
bagaimana,1
marital,1
tithing,1
indication,1
cleansing,1
aid,1
rejected,1
blushing,1
hindus,1
temples,1
reveal,1
christianity,1
faiths,1
quite,1
tesco,1
democracy,1
see,1
babies,1
leader,1
reality,1
deeply,1
college,1
muslims,1
throne,1
farfetched,1
accessible,1
folkloric,1
grey,1
gast,1
bountiful,1
cleanliness,1
highest,1
olympia,1
ancient,1
demonic,1
podcast,1
added,1
could,1
offering,1
cost,1
sacrament,1
reconciliation,1
bring,1
abortion,1
guude,1
beings,1
programma,1
property,1
marks,1
silence,1
compassionate,1
true,1
minds,1
kinda,1
last,1
spiritualitas,1
adalah,1
menarik,1
men,1
merlino,1
shape,1
spirals,1
judges,1
applies,1
mature,1
pti,1
breakers,1
en,1
maart,1
pampered,1
pbs,1
genuine,1
detected,1
notion,1
dump,1
argues,1
symbols,1
church,1
smart,1
outside,1
inside,1
remains,1
still,1
actively,1
cats,1
technology,1
recover,1
campidoglio,1
changed,1
idea,1
expenses,1
urging,1
reminding,1
alive,1
ya,1
come,1
con,1
fundamental,1
library,1
dare,1
hart,1
liturgy,1
beautifully,1
score,1
words,1
taking,1
let,1
soon,1
seems,1
many,1
two,1
feel,1
reconstitute,1
untamed,1
messengers,1
experienced,1
nerd,1
courtrooms,1
lest,1
environment,1
closing,1
committment,1
prenotare,1
alligator,1
violate,1
nations,1
infilling,1
diminish,1
male,1
country,1
show,1
utmost,1
hundreds,1
declaration,1
blessed,1
interact,1
sober,1
psychedelics,1
prairies,1
lash,1
pedi,1
snyder,1
religious,1
right,1
pengumuman,1
itu,1
listen,1
preparation,1
day,1
preferences,1
oleh,1
love,1
moved,1
helping,1
society,1
asf,1
tranquility,1
anime,1
authoritative,1
author,1
segera,1
safety,1
sure,1
studied,1
hide,1
moxie,1
numinous,1
hydra,1
muddied,1
mundane,1
lacking,1
knows,1
